"PARM_CD","CASRN","PARM_SEQ_GRP_NM","PARM_SEQ_GRP_DS","PARM_NM","PARM_UNT_TX","PARM_DS","PARM_MEDIUM_TX","PARM_FRAC_TX","PARM_TEMP_TX","PARM_STAT_TX","PARM_TM_TX","PARM_WT_TX","PARM_SIZE_TX"
"68684","152019-74-4","Organics, Pesticides","Organics, Pesticides","sec-Acetochlor OA, wf","ng/l","sec-Acetochlor oxanilic acid, water, filtered, recoverable, nanograms per liter","Water","Dissolved","","","","",""
"68505","2814-20-2","Organics, Pesticides","Organics, Pesticides","2-i-Pr-6-Me-4-pyrimidinol, wf","ng/l","2-Isopropyl-6-methyl-4-pyrimidinol, water, filtered, recoverable, nanograms per liter","Water","Dissolved","","","","",""
"68508","16655-82-6","Organics, Pesticides","Organics, Pesticides","3-Hydroxy carbofuran, wf","ng/l","3-Hydroxy carbofuran, water, filtered, recoverable, nanograms per liter","Water","Dissolved","","","","",""
"68511","56750-76-6","Organics, Pesticides","Organics, Pesticides","4(Hydroxymethyl)pendimethalin","ng/l","4-(Hydroxymethyl) pendimethalin, water, filtered, recoverable, nanograms per liter","Water","Dissolved","","","","",""
"68514","934-73-6","Organics, Pesticides","Organics, Pesticides","4-Chlorobenzylmethylsulfoxide","ng/l","4-Chlorobenzylmethyl sulfoxide, water, filtered, recoverable, nanograms per liter","Water","Dissolved","","","","",""
"68515","66747-12-4","Organics, Pesticides","Organics, Pesticides","4-Hydroxy molinate, wf","ng/l","4-Hydroxy molinate, water, filtered, recoverable, nanograms per liter","Water","Dissolved","","","","",""
"68517","72576-13-7","Organics, Pesticides","Organics, Pesticides","4-Hydroxyhexazinone A, wf","ng/l","4-Hydroxyhexazinone A, water, filtered, recoverable, nanograms per liter","Water","Dissolved","","","","",""
"68519","30560-19-1","Organics, Pesticides","Organics, Pesticides","Acephate, wf","ng/l","Acephate, water, filtered, recoverable, nanograms per liter","Water","Dissolved","","","","",""
"68520","34256-82-1","Organics, Pesticides","Organics, Pesticides","Acetochlor, wf","ng/l","Acetochlor, water, filtered, recoverable, nanograms per liter","Water","Dissolved","","","","",""
"68521","32428-71-0","Organics, Pesticides","Organics, Pesticides","Acetochlor 2nd amide, wf","ng/l","2-Chloro-N-(2-ethyl-6-methylphenyl)acetamide, water, filtered, recoverable, nanograms per liter","Water","Dissolved","","","","",""
"68522","194992-44-4","Organics, Pesticides","Organics, Pesticides","Acetochlor OA, wf","ng/l","Acetochlor oxanilic acid, water, filtered, recoverable, nanograms per liter","Water","Dissolved","","","","",""
"68523","187022-11-3","Organics, Pesticides","Organics, Pesticides","Acetochlor SA, wf","ng/l","Acetochlor sulfonic acid, water, filtered, recoverable, nanograms per liter","Water","Dissolved","","","","",""
"68524","618113-86-3","Organics, Pesticides","Organics, Pesticides","Acetochlor SAA, wf","ng/l","Acetochlor sulfinylacetic acid, water, filtered, recoverable, nanograms per liter","Water","Dissolved","","","","",""
"68525","6967-29-9","Organics, Pesticides","Organics, Pesticides","Alachlor 2nd amide, wf","ng/l","2-Chloro-2',6'-diethylacetanilide, water, filtered, recoverable, nanograms per liter","Water","Dissolved","","","","",""
"68526","171262-17-2","Organics, Pesticides","Organics, Pesticides","Alachlor OA, wf","ng/l","Alachlor oxanilic acid, water, filtered, recoverable, nanograms per liter","Water","Dissolved","","","","",""
"68527","494847-39-1","Organics, Pesticides","Organics, Pesticides","Alachlor SAA, wf","ng/l","Alachlor sulfinylacetic acid, water, filtered, recoverable, nanograms per liter","Water","Dissolved","","","","",""
"68528","116-06-3","Organics, Pesticides","Organics, Pesticides","Aldicarb, wf","ng/l","Aldicarb, water, filtered, recoverable, nanograms per liter","Water","Dissolved","","","","",""
"68529","1646-88-4","Organics, Pesticides","Organics, Pesticides","Aldicarb sulfone, wf","ng/l","Aldicarb sulfone, water, filtered, recoverable, nanograms per liter","Water","Dissolved","","","","",""
"68530","1646-87-3","Organics, Pesticides","Organics, Pesticides","Aldicarb sulfoxide, wf","ng/l","Aldicarb sulfoxide, water, filtered, recoverable, nanograms per liter","Water","Dissolved","","","","",""
"68533","834-12-8","Organics, Pesticides","Organics, Pesticides","Ametryn, wf","ng/l","Ametryn, water, filtered, recoverable, nanograms per liter","Water","Dissolved","","","","",""
"68536","3337-71-1","Organics, Pesticides","Organics, Pesticides","Asulam, wf","ng/l","Asulam, water, filtered, recoverable, nanograms per liter","Water","Dissolved","","","","",""
"68538","25057-89-0","Organics, Pesticides","Organics, Pesticides","Bentazon, wf","ng/l","Bentazon, water, filtered, recoverable, nanograms per liter","Water","Dissolved","","","","",""
"68542","314-40-9","Organics, Pesticides","Organics, Pesticides","Bromacil, wf","ng/l","Bromacil, water, filtered, recoverable, nanograms per liter","Water","Dissolved","","","","",""
"68543","1689-84-5","Organics, Pesticides","Organics, Pesticides","Bromoxynil, wf","ng/l","Bromoxynil, water, filtered, recoverable, nanograms per liter","Water","Dissolved","","","","",""
"68545","33629-47-9","Organics, Pesticides","Organics, Pesticides","Butralin, wf","ng/l","Butralin, water, filtered, recoverable, nanograms per liter","Water","Dissolved","","","","",""
"68547","3397-62-4","Organics, Pesticides","Organics, Pesticides","CAAT, wf","ng/l","Chlorodiamino-s-triazine, water, filtered, recoverable, nanograms per liter","Water","Dissolved","","","","",""
"68548","10605-21-7","Organics, Pesticides","Organics, Pesticides","Carbendazim, wf","ng/l","Carbendazim, water, filtered, recoverable, nanograms per liter","Water","Dissolved","","","","",""
"68549","66747-13-5","Organics, Pesticides","Organics, Pesticides","Carboxy molinate, wf","ng/l","Carboxy molinate, water, filtered, recoverable, nanograms per liter","Water","Dissolved","","","","",""
"68550","1007-28-9","Organics, Pesticides","Organics, Pesticides","CEAT, wf","ng/l","2-Chloro-6-ethylamino-4-amino-s-triazine, water, filtered, recoverable, nanograms per liter","Water","Dissolved","","","","",""
"68551","130-45-0","Organics, Pesticides","Organics, Pesticides","Chlorosulfonamide acid, wf","ng/l","Chlorosulfonamide acid, water, filtered, recoverable, nanograms per liter","Water","Dissolved","","","","",""
"68552","6190-65-4","Organics, Pesticides","Organics, Pesticides","CIAT, wf","ng/l","2-Chloro-4-isopropylamino-6-amino-s-triazine, water, filtered, recoverable, nanograms per liter","Water","Dissolved","","","","",""
"68553","68127-59-3","Organics, Pesticides","Organics, Pesticides","cis-Cyhalothric acid, wf","ng/l","cis-Cyhalothric acid, water, filtered, recoverable, nanograms per liter","Water","Dissolved","","","","",""
"68560","887-54-7","Organics, Pesticides","Organics, Pesticides","DCPA monoacid, wf","ng/l","DCPA monoacid, water, filtered, recoverable, nanograms per liter","Water","Dissolved","","","","",""
"68561","","Organics, Pesticides","Organics, Pesticides","Dechlorofipronil, wf","ng/l","Dechlorofipronil, water, filtered, recoverable, nanograms per liter","Water","Dissolved","","","","",""
"68562","126605-22-9","Organics, Pesticides","Organics, Pesticides","Dechlorometolachlor, wf","ng/l","Dechlorometolachlor, water, filtered, recoverable, nanograms per liter","Water","Dissolved","","","","",""
"68563","","Organics, Pesticides","Organics, Pesticides","Deiodo flubendiamide, wf","ng/l","Deiodo flubendiamide, water, filtered, recoverable, nanograms per liter","Water","Dissolved","","","","",""
"68564","4147-57-3","Organics, Pesticides","Organics, Pesticides","Deisopropyl prometryn, wf","ng/l","Deisopropyl prometryn, water, filtered, recoverable, nanograms per liter","Water","Dissolved","","","","",""
"68566","56611-54-2","Organics, Pesticides","Organics, Pesticides","Demethyl hexazinone B, wf","ng/l","Demethyl hexazinone B, water, filtered, recoverable, nanograms per liter","Water","Dissolved","","","","",""
"68567","23576-24-1","Organics, Pesticides","Organics, Pesticides","Demethyl norflurazon, wf","ng/l","Demethyl norflurazon, water, filtered, recoverable, nanograms per liter","Water","Dissolved","","","","",""
"68568","35045-02-4","Organics, Pesticides","Organics, Pesticides","Desamino metribuzin, wf","ng/l","Desamino metribuzin, water, filtered, recoverable, nanograms per liter","Water","Dissolved","","","","",""
"68569","52236-30-3","Organics, Pesticides","Organics, Pesticides","Desamino-diketo metribuzin,wf","ng/l","Desamino-diketo metribuzin, water, filtered, recoverable, nanograms per liter","Water","Dissolved","","","","",""
"68570","1115248-09-3","Organics, Pesticides","Organics, Pesticides","Desulfinylfipronil amide, wf","ng/l","Desulfinylfipronil amide, water, filtered, recoverable, nanograms per liter","Water","Dissolved","","","","",""
"68571","1918-00-9","Organics, Pesticides","Organics, Pesticides","Dicamba, wf","ng/l","Dicamba, water, filtered, recoverable, nanograms per liter","Water","Dissolved","","","","",""
"68572","62-73-7","Organics, Pesticides","Organics, Pesticides","Dichlorvos, wf","ng/l","Dichlorvos, water, filtered, recoverable, nanograms per liter","Water","Dissolved","","","","",""
"68573","141-66-2","Organics, Pesticides","Organics, Pesticides","Dicrotophos, wf","ng/l","Dicrotophos, water, filtered, recoverable, nanograms per liter","Water","Dissolved","","","","",""
"68574","56611-54-2","Organics, Pesticides","Organics, Pesticides","Didemethyl hexazinone F, wf","ng/l","Didemethyl hexazinone F, water, filtered, recoverable, nanograms per liter","Water","Dissolved","","","","",""
"68575","","Organics, Pesticides","Organics, Pesticides","Tebuthiuron TP 104, wf","ng/l","Tebuthiuron Transformation Product 104, water, filtered, recoverable, nanograms per liter","Water","Dissolved","","","","",""
"68576","35367-38-5","Organics, Pesticides","Organics, Pesticides","Diflubenzuron, wf","ng/l","Diflubenzuron, water, filtered, recoverable, nanograms per liter","Water","Dissolved","","","","",""
"68577","109293-97-2","Organics, Pesticides","Organics, Pesticides","Diflufenzopyr, wf","ng/l","Diflufenzopyr, water, filtered, recoverable, nanograms per liter","Water","Dissolved","","","","",""
"68578","143701-75-1","Organics, Pesticides","Organics, Pesticides","Diketonitrile-isoxaflutole,wf","ng/l","Diketonitrile-isoxaflutole, water, filtered, recoverable, nanograms per liter","Water","Dissolved","","","","",""
"68580","87674-68-8","Organics, Pesticides","Organics, Pesticides","Dimethenamid, wf","ng/l","Dimethenamid, water, filtered, recoverable, nanograms per liter","Water","Dissolved","","","","",""
"68581","","Organics, Pesticides","Organics, Pesticides","Dimethenamid OA, wf","ng/l","Dimethenamid oxanilic acid, water, filtered, recoverable, nanograms per liter","Water","Dissolved","","","","",""
"68582","205939-58-8","Organics, Pesticides","Organics, Pesticides","Dimethenamid SA, wf","ng/l","Dimethenamid sulfonic acid, water, filtered, recoverable, nanograms per liter","Water","Dissolved","","","","",""
"68583","","Organics, Pesticides","Organics, Pesticides","Dimethenamid SAA, wf","ng/l","Dimethenamid sulfinylacetic acid, water, filtered, recoverable, nanograms per liter","Water","Dissolved","","","","",""
"68586","126-75-0","Organics, Pesticides","Organics, Pesticides","Disulfoton oxon, wf","ng/l","Disulfoton oxon, water, filtered, recoverable, nanograms per liter","Water","Dissolved","","","","",""
"68587","2496-92-6","Organics, Pesticides","Organics, Pesticides","Disulfoton oxon sulfoxide, wf","ng/l","Disulfoton oxon sulfoxide, water, filtered, recoverable, nanograms per liter","Water","Dissolved","","","","",""
"68588","2496-91-5","Organics, Pesticides","Organics, Pesticides","Disulfoton oxon sulfone, wf","ng/l","Disulfoton oxon sulfone, water, filtered, recoverable, nanograms per liter","Water","Dissolved","","","","",""
"68589","2497-06-5","Organics, Pesticides","Organics, Pesticides","Disulfoton sulfone, wf","ng/l","Disulfoton sulfone, water, filtered, recoverable, nanograms per liter","Water","Dissolved","","","","",""
"68590","2497-07-6","Organics, Pesticides","Organics, Pesticides","Disulfoton sulfoxide, wf","ng/l","Disulfoton sulfoxide, water, filtered, recoverable, nanograms per liter","Water","Dissolved","","","","",""
"68591","3032-40-4","Organics, Pesticides","Organics, Pesticides","DMFM, wf","ng/l","Demethyl fluometuron, water, filtered, recoverable, nanograms per liter","Water","Dissolved","","","","",""
"68594","65109-69-5","Organics, Pesticides","Organics, Pesticides","EPTC degradate R248722, wf","ng/l","EPTC degradate R248722, water, filtered, recoverable, nanograms per liter","Water","Dissolved","","","","",""
"68595","61520-53-4","Organics, Pesticides","Organics, Pesticides","Et-MePh-aminopropanol, wf","ng/l","2-[(2-Ethyl-6-methylphenyl)amino]-1-propanol, water, filtered, recoverable, nanograms per liter","Water","Dissolved","","","","",""
"68596","13194-48-4","Organics, Pesticides","Organics, Pesticides","Ethoprop, wf","ng/l","Ethoprop, water, filtered, recoverable, nanograms per liter","Water","Dissolved","","","","",""
"68597","76960-87-7","Organics, Pesticides","Organics, Pesticides","Et Me Pr phosphorothioate, wf","ng/l","O-Ethyl O-methyl S-propyl phosphorothioate, water, filtered, recoverable, nanograms per liter","Water","Dissolved","","","","",""
"68598","153233-91-1","Organics, Pesticides","Organics, Pesticides","Etoxazole, wf","ng/l","Etoxazole, water, filtered, recoverable, nanograms per liter","Water","Dissolved","","","","",""
"68599","22224-92-6","Organics, Pesticides","Organics, Pesticides","Fenamiphos, wf","ng/l","Fenamiphos, water, filtered, recoverable, nanograms per liter","Water","Dissolved","","","","",""
"68600","31972-44-8","Organics, Pesticides","Organics, Pesticides","Fenamiphos sulfone, wf","ng/l","Fenamiphos sulfone, water, filtered, recoverable, nanograms per liter","Water","Dissolved","","","","",""
"68601","31972-43-7","Organics, Pesticides","Organics, Pesticides","Fenamiphos sulfoxide, wf","ng/l","Fenamiphos sulfoxide, water, filtered, recoverable, nanograms per liter","Water","Dissolved","","","","",""
"68602","13356-08-6","Organics, Pesticides","Organics, Pesticides","Fenbutatin oxide, wf","ng/l","Fenbutatin oxide, water, filtered, recoverable, nanograms per liter","Water","Dissolved","","","","",""
"68603","668-34-8","Organics, Pesticides","Organics, Pesticides","Fentin, wf","ng/l","Fentin, water, filtered, recoverable, nanograms per liter","Water","Dissolved","","","","",""
"68604","","Organics, Pesticides","Organics, Pesticides","Fipronil amide, wf","ng/l","Fipronil amide, water, filtered, recoverable, nanograms per liter","Water","Dissolved","","","","",""
"68605","209248-72-6","Organics, Pesticides","Organics, Pesticides","Fipronil sulfonate, wf","ng/l","Fipronil sulfonate, water, filtered, recoverable, nanograms per liter","Water","Dissolved","","","","",""
"68606","272451-65-7","Organics, Pesticides","Organics, Pesticides","Flubendiamide, wf","ng/l","Flubendiamide, water, filtered, recoverable, nanograms per liter","Water","Dissolved","","","","",""
"68608","2164-17-2","Organics, Pesticides","Organics, Pesticides","Fluometuron, wf","ng/l","Fluometuron, water, filtered, recoverable, nanograms per liter","Water","Dissolved","","","","",""
"68611","196611-19-5","Organics, Pesticides","Organics, Pesticides","HEMA, wf","ng/l","2-(1-Hydroxyethyl)-6-methylaniline, water, filtered, recoverable, nanograms per liter","Water","Dissolved","","","","",""
"68612","72585-88-7","Organics, Pesticides","Organics, Pesticides","Hexazinone TP C, wf","ng/l","Hexazinone Transformation Product C, water, filtered, recoverable, nanograms per liter","Water","Dissolved","","","","",""
"68613","30243-77-7","Organics, Pesticides","Organics, Pesticides","Hexazinone TP D, wf","ng/l","Hexazinone Transformation Product D, water, filtered, recoverable, nanograms per liter","Water","Dissolved","","","","",""
"68614","72576-14-8","Organics, Pesticides","Organics, Pesticides","Hexazinone TP E, wf","ng/l","Hexazinone Transformation Product E, water, filtered, recoverable, nanograms per liter","Water","Dissolved","","","","",""
"68615","60090-47-3","Organics, Pesticides","Organics, Pesticides","Hydroxyacetochlor, wf","ng/l","Hydroxyacetochlor, water, filtered, recoverable, nanograms per liter","Water","Dissolved","","","","",""
"68616","56681-55-1","Organics, Pesticides","Organics, Pesticides","Hydroxyalachlor, wf","ng/l","Hydroxyalachlor, water, filtered, recoverable, nanograms per liter","Water","Dissolved","","","","",""
"68617","","Organics, Pesticides","Organics, Pesticides","Hydroxydemethylfluometuron,wf","ng/l","Hydroxy monodemethyl fluometuron, water, filtered, recoverable, nanograms per liter","Water","Dissolved","","","","",""
"68618","29820-16-4","Organics, Pesticides","Organics, Pesticides","Hydroxydiazinon, wf","ng/l","Hydroxydiazinon, water, filtered, recoverable, nanograms per liter","Water","Dissolved","","","","",""
"68619","","Organics, Pesticides","Organics, Pesticides","Hydroxydidemethyl fluometuron","ng/l","Hydroxy didemethyl fluometuron, water, filtered, recoverable, nanograms per liter","Water","Dissolved","","","","",""
"68620","","Organics, Pesticides","Organics, Pesticides","Hydroxyfluometuron, wf","ng/l","Hydroxyfluometuron, water, filtered, recoverable, nanograms per liter","Water","Dissolved","","","","",""
"68621","59962-54-8","Organics, Pesticides","Organics, Pesticides","Tebuthiuron TP 109, wf","ng/l","Tebuthiuron Transformation Product 109, water, filtered, recoverable, nanograms per liter","Water","Dissolved","","","","",""
"68622","131068-72-9","Organics, Pesticides","Organics, Pesticides","Hydroxymetolachlor, wf","ng/l","Hydroxymetolachlor, water, filtered, recoverable, nanograms per liter","Water","Dissolved","","","","",""
"68624","2599-11-3","Organics, Pesticides","Organics, Pesticides","Hydroxysimazine, wf","ng/l","Hydroxysimazine, water, filtered, recoverable, nanograms per liter","Water","Dissolved","","","","",""
"68625","114311-32-9","Organics, Pesticides","Organics, Pesticides","Imazamox, wf","ng/l","Imazamox, water, filtered, recoverable, nanograms per liter","Water","Dissolved","","","","",""
"68627","173584-44-6","Organics, Pesticides","Organics, Pesticides","Indoxacarb, wf","ng/l","Indoxacarb, water, filtered, recoverable, nanograms per liter","Water","Dissolved","","","","",""
"68632","141112-29-0","Organics, Pesticides","Organics, Pesticides","Isoxaflutole, wf","ng/l","Isoxaflutole, water, filtered, recoverable, nanograms per liter","Water","Dissolved","","","","",""
"68633","142994-06-7","Organics, Pesticides","Organics, Pesticides","Isoxaflutole RPA 203328, wf","ng/l","Isoxaflutole acid metabolite RPA 203328, water, filtered, recoverable, nanograms per liter","Water","Dissolved","","","","",""
"68638","77501-63-4","Organics, Pesticides","Organics, Pesticides","Lactofen, wf","ng/l","Lactofen, water, filtered, recoverable, nanograms per liter","Water","Dissolved","","","","",""
"68639","330-55-2","Organics, Pesticides","Organics, Pesticides","Linuron, wf","ng/l","Linuron, water, filtered, recoverable, nanograms per liter","Water","Dissolved","","","","",""
"68641","94-74-6","Organics, Pesticides","Organics, Pesticides","MCPA, wf","ng/l","MCPA, water, filtered, recoverable, nanograms per liter","Water","Dissolved","","","","",""
"68644","10265-92-6","Organics, Pesticides","Organics, Pesticides","Methamidophos, wf","ng/l","Methamidophos, water, filtered, recoverable, nanograms per liter","Water","Dissolved","","","","",""
"68645","16752-77-5","Organics, Pesticides","Organics, Pesticides","Methomyl, wf","ng/l","Methomyl, water, filtered, recoverable, nanograms per liter","Water","Dissolved","","","","",""
"68646","13749-94-5","Organics, Pesticides","Organics, Pesticides","Methomyl oxime, wf","ng/l","Methomyl oxime, water, filtered, recoverable, nanograms per liter","Water","Dissolved","","","","",""
"68647","161050-58-4","Organics, Pesticides","Organics, Pesticides","Methoxyfenozide, wf","ng/l","Methoxyfenozide, water, filtered, recoverable, nanograms per liter","Water","Dissolved","","","","",""
"68648","950-35-6","Organics, Pesticides","Organics, Pesticides","Methyl paraoxon, wf","ng/l","Methyl paraoxon, water, filtered, recoverable, nanograms per liter","Water","Dissolved","","","","",""
"68649","61520-54-5","Organics, Pesticides","Organics, Pesticides","Metolachlor hydroxymorpho_one","ng/l","Metolachlor hydroxy morpholinone, water, filtered, recoverable, nanograms per liter","Water","Dissolved","","","","",""
"68650","152019-73-3","Organics, Pesticides","Organics, Pesticides","Metolachlor OA, wf","ng/l","Metolachlor oxanilic acid, water, filtered, recoverable, nanograms per liter","Water","Dissolved","","","","",""
"68651","171118-09-5","Organics, Pesticides","Organics, Pesticides","Metolachlor SA, wf","ng/l","Metolachlor sulfonic acid, water, filtered, recoverable, nanograms per liter","Water","Dissolved","","","","",""
"68652","21087-64-9","Organics, Pesticides","Organics, Pesticides","Metribuzin, wf","ng/l","Metribuzin, water, filtered, recoverable, nanograms per liter","Water","Dissolved","","","","",""
"68653","56507-37-0","Organics, Pesticides","Organics, Pesticides","Metribuzin DK, wf","ng/l","Metribuzin DK, water, filtered, recoverable, nanograms per liter","Water","Dissolved","","","","",""
"68654","300-76-5","Organics, Pesticides","Organics, Pesticides","Naled, wf","ng/l","Naled, water, filtered, recoverable, nanograms per liter","Water","Dissolved","","","","",""
"68655","116714-46-6","Organics, Pesticides","Organics, Pesticides","Novaluron, wf","ng/l","Novaluron, water, filtered, recoverable, nanograms per liter","Water","Dissolved","","","","",""
"68656","7313-54-4","Organics, Pesticides","Organics, Pesticides","OEAT, wf","ng/l","2-Hydroxy-6-ethylamino-4-amino-s-triazine, water, filtered, recoverable, nanograms per liter","Water","Dissolved","","","","",""
"68657","76936-72-6","Organics, Pesticides","Organics, Pesticides","Et Me Pr phosphorodithioate,f","ng/l","O-Ethyl S-methyl S-propyl phosphorodithioate, water, filtered, recoverable, nanograms per liter","Water","Dissolved","","","","",""
"68658","31110-62-0","Organics, Pesticides","Organics, Pesticides","O-Et S-Pr phos_thioate, wf","ng/l","O-Ethyl S-propyl phosphorothioate, water, filtered, recoverable, nanograms per liter","Water","Dissolved","","","","",""
"68659","19988-24-0","Organics, Pesticides","Organics, Pesticides","OIAT, wf","ng/l","2-Hydroxy-4-isopropylamino-6-amino-s-triazine, water, filtered, recoverable, nanograms per liter","Water","Dissolved","","","","",""
"68660","2163-68-0","Organics, Pesticides","Organics, Pesticides","OIET, wf","ng/l","2-Hydroxy-4-isopropylamino-6-ethylamino-s-triazine, water, filtered, recoverable, nanograms per liter","Water","Dissolved","","","","",""
"68661","1113-02-6","Organics, Pesticides","Organics, Pesticides","Omethoate, wf","ng/l","Omethoate, water, filtered, recoverable, nanograms per liter","Water","Dissolved","","","","",""
"68662","213464-77-8","Organics, Pesticides","Organics, Pesticides","Orthosulfamuron, wf","ng/l","Orthosulfamuron, water, filtered, recoverable, nanograms per liter","Water","Dissolved","","","","",""
"68663","19044-88-3","Organics, Pesticides","Organics, Pesticides","Oryzalin, wf","ng/l","Oryzalin, water, filtered, recoverable, nanograms per liter","Water","Dissolved","","","","",""
"68664","23135-22-0","Organics, Pesticides","Organics, Pesticides","Oxamyl, wf","ng/l","Oxamyl, water, filtered, recoverable, nanograms per liter","Water","Dissolved","","","","",""
"68665","30558-43-1","Organics, Pesticides","Organics, Pesticides","Oxamyl oxime, wf","ng/l","Oxamyl oxime, water, filtered, recoverable, nanograms per liter","Water","Dissolved","","","","",""
"68666","311-45-5","Organics, Pesticides","Organics, Pesticides","Paraoxon, wf","ng/l","Paraoxon, water, filtered, recoverable, nanograms per liter","Water","Dissolved","","","","",""
"68668","298-02-2","Organics, Pesticides","Organics, Pesticides","Phorate, wf","ng/l","Phorate, water, filtered, recoverable, nanograms per liter","Water","Dissolved","","","","",""
"68669","2600-69-3","Organics, Pesticides","Organics, Pesticides","Phorate oxon, wf","ng/l","Phorate oxygen analog, water, filtered, recoverable, nanograms per liter","Water","Dissolved","","","","",""
"68670","2588-06-9","Organics, Pesticides","Organics, Pesticides","Phorate oxon sulfone, wf","ng/l","Phorate oxygen analog sulfone, water, filtered, recoverable, nanograms per liter","Water","Dissolved","","","","",""
"68671","2588-05-8","Organics, Pesticides","Organics, Pesticides","Phorate oxon sulfoxide, wf","ng/l","Phorate oxon sulfoxide, water, filtered, recoverable, nanograms per liter","Water","Dissolved","","","","",""
"68672","2588-04-7","Organics, Pesticides","Organics, Pesticides","Phorate sulfone, wf","ng/l","Phorate sulfone, water, filtered, recoverable, nanograms per liter","Water","Dissolved","","","","",""
"68673","2588-03-6","Organics, Pesticides","Organics, Pesticides","Phorate sulfoxide, wf","ng/l","Phorate sulfoxide, water, filtered, recoverable, nanograms per liter","Water","Dissolved","","","","",""
"68676","41198-08-7","Organics, Pesticides","Organics, Pesticides","Profenofos, wf","ng/l","Profenofos, water, filtered, recoverable, nanograms per liter","Water","Dissolved","","","","",""
"68677","2312-35-8","Organics, Pesticides","Organics, Pesticides","Propargite, wf","ng/l","Propargite, water, filtered, recoverable, nanograms per liter","Water","Dissolved","","","","",""
"68678","139-40-2","Organics, Pesticides","Organics, Pesticides","Propazine, wf","ng/l","Propazine, water, filtered, recoverable, nanograms per liter","Water","Dissolved","","","","",""
"68679","114-26-1","Organics, Pesticides","Organics, Pesticides","Propoxur, wf","ng/l","Propoxur, water, filtered, recoverable, nanograms per liter","Water","Dissolved","","","","",""
"68682","96489-71-3","Organics, Pesticides","Organics, Pesticides","Pyridaben, wf","ng/l","Pyridaben, water, filtered, recoverable, nanograms per liter","Water","Dissolved","","","","",""
"68683","95737-68-1","Organics, Pesticides","Organics, Pesticides","Pyriproxyfen, wf","ng/l","Pyriproxyfen, water, filtered, recoverable, nanograms per liter","Water","Dissolved","","","","",""
"68685","","Organics, Pesticides","Organics, Pesticides","sec-Alachlor OA, wf","ng/l","sec-Alachlor oxanilic acid, water, filtered, recoverable, nanograms per liter","Water","Dissolved","","","","",""
"68686","1982-49-6","Organics, Pesticides","Organics, Pesticides","Siduron, wf","ng/l","Siduron, water, filtered, recoverable, nanograms per liter","Water","Dissolved","","","","",""
"68687","122836-35-5","Organics, Pesticides","Organics, Pesticides","Sulfentrazone, wf","ng/l","Sulfentrazone, water, filtered, recoverable, nanograms per liter","Water","Dissolved","","","","",""
"68688","74222-97-2","Organics, Pesticides","Organics, Pesticides","Sulfometuron-methyl, wf","ng/l","Sulfometuron-methyl, water, filtered, recoverable, nanograms per liter","Water","Dissolved","","","","",""
"68689","141776-32-1","Organics, Pesticides","Organics, Pesticides","Sulfosulfuron, wf","ng/l","Sulfosulfuron, water, filtered, recoverable, nanograms per liter","Water","Dissolved","","","","",""
"68690","","Organics, Pesticides","Organics, Pesticides","Sulfosulfuron ethyl sulfone,f","ng/l","Sulfosulfuron ethyl sulfone, water, filtered, recoverable, nanograms per liter","Water","Dissolved","","","","",""
"68691","65600-61-5","Organics, Pesticides","Organics, Pesticides","TCPSA sodium salt, wf","ng/l","2,3,3-Trichloro-2-propene-1-sulfonic acid (sodium salt), water, filtered, recoverable, nanograms per liter","Water","Dissolved","","","","",""
"68692","112410-23-8","Organics, Pesticides","Organics, Pesticides","Tebufenozide, wf","ng/l","Tebufenozide, water, filtered, recoverable, nanograms per liter","Water","Dissolved","","","","",""
"68693","96182-53-5","Organics, Pesticides","Organics, Pesticides","Tebupirimfos, wf","ng/l","Tebupirimfos, water, filtered, recoverable, nanograms per liter","Water","Dissolved","","","","",""
"68694","","Organics, Pesticides","Organics, Pesticides","Tebupirimfos oxon, wf","ng/l","Tebupirimfos oxon, water, filtered, recoverable, nanograms per liter","Water","Dissolved","","","","",""
"68695","34014-18-1","Organics, Pesticides","Organics, Pesticides","Tebuthiuron, wf","ng/l","Tebuthiuron, water, filtered, recoverable, nanograms per liter","Water","Dissolved","","","","",""
"68696","39222-73-6","Organics, Pesticides","Organics, Pesticides","Tebuthiuron TP 108, wf","ng/l","Tebuthiuron Transformation Product 108, water, filtered, recoverable, nanograms per liter","Water","Dissolved","","","","",""
"68697","59962-54-8","Organics, Pesticides","Organics, Pesticides","Tebuthiuron TP 109 (OH), wf","ng/l","Tebuthiuron Transformation Product 109 (OH), water, filtered, recoverable, nanograms per liter","Water","Dissolved","","","","",""
"68698","5902-51-2","Organics, Pesticides","Organics, Pesticides","Terbacil, wf","ng/l","Terbacil, water, filtered, recoverable, nanograms per liter","Water","Dissolved","","","","",""
"68699","13071-79-9","Organics, Pesticides","Organics, Pesticides","Terbufos, wf","ng/l","Terbufos, water, filtered, recoverable, nanograms per liter","Water","Dissolved","","","","",""
"68700","56070-14-5","Organics, Pesticides","Organics, Pesticides","Terbufos oxon, wf","ng/l","Terbufos oxon, water, filtered, recoverable, nanograms per liter","Water","Dissolved","","","","",""
"68701","56070-15-6","Organics, Pesticides","Organics, Pesticides","Terbufos oxon sulfone, wf","ng/l","Terbufos oxygen analog sulfone, water, filtered, recoverable, nanograms per liter","Water","Dissolved","","","","",""
"68702","56165-57-2","Organics, Pesticides","Organics, Pesticides","Terbufos oxon sulfoxide, wf","ng/l","Terbufos oxon sulfoxide, water, filtered, recoverable, nanograms per liter","Water","Dissolved","","","","",""
"68703","56070-16-7","Organics, Pesticides","Organics, Pesticides","Terbufos sulfone, wf","ng/l","Terbufos sulfone, water, filtered, recoverable, nanograms per liter","Water","Dissolved","","","","",""
"68704","10548-10-4","Organics, Pesticides","Organics, Pesticides","Terbufos sulfoxide, wf","ng/l","Terbufos sulfoxide, water, filtered, recoverable, nanograms per liter","Water","Dissolved","","","","",""
"68708","61949-77-7","Organics, Pesticides","Organics, Pesticides","trans-Permethrin, wf","ng/l","trans-Permethrin, water, filtered, recoverable, nanograms per liter","Water","Dissolved","","","","",""
"68710","2303-17-5","Organics, Pesticides","Organics, Pesticides","Triallate, wf","ng/l","Triallate, water, filtered, recoverable, nanograms per liter","Water","Dissolved","","","","",""
"68711","78-48-8","Organics, Pesticides","Organics, Pesticides","Tribufos, wf","ng/l","Tribufos, water, filtered, recoverable, nanograms per liter","Water","Dissolved","","","","",""
"68712","55335-06-3","Organics, Pesticides","Organics, Pesticides","Triclopyr, wf","ng/l","Triclopyr, water, filtered, recoverable, nanograms per liter","Water","Dissolved","","","","",""
"68713","","Organics, Pesticides","Organics, Pesticides","Hexazinone TP G, wf","ng/l","Hexazinone Transformation Product G, water, filtered, recoverable, nanograms per liter","Water","Dissolved","","","","",""
"68714","","Organics, Pesticides","Organics, Pesticides","Tebuthiuron TP 106, wf","ng/l","Tebuthiuron Transformation Product 106, water, filtered, recoverable, nanograms per liter","Water","Dissolved","","","","",""
"68769","61949-76-6","Organics, Pesticides","Organics, Pesticides","cis-Permethrin, wf","ng/l","cis-Permethrin, water, filtered, recoverable, nanograms per liter","Water","Dissolved","","","","",""
"68871","142363-53-9","Organics, Pesticides","Organics, Pesticides","Alachlor sulfonic acid, wf","ng/l","Alachlor sulfonic acid, water, filtered, recoverable, nanograms per liter","Water","Dissolved","","","","",""
"68872","90982-32-4","Organics, Pesticides","Organics, Pesticides","Chlorimuron-ethyl, wf","ng/l","Chlorimuron-ethyl, water, filtered, recoverable, nanograms per liter","Water","Dissolved","","","","",""
"68873","3739-38-6","Organics, Pesticides","Organics, Pesticides","3-Phenoxybenzoic acid, wf","ng/l","3-Phenoxybenzoic acid, water, filtered, recoverable, nanograms per liter","Water","Dissolved","","","","",""
"61678","64902-72-3","Organics, Pesticides","Organics, Pesticides","Chlorsulfuron, wf","ng/l","Chlorsulfuron, water, filtered, recoverable, nanograms per liter","Water","Dissolved","","","","",""
"61679","98967-40-9","Organics, Pesticides","Organics, Pesticides","Flumetsulam, wf","ng/l","Flumetsulam, water, filtered, recoverable, nanograms per liter","Water","Dissolved","","","","",""
"61680","100784-20-1","Organics, Pesticides","Organics, Pesticides","Halosulfuron methyl, wf","ng/l","Halosulfuron methyl, water, filtered, recoverable, nanograms per liter","Water","Dissolved","","","","",""
"61682","81335-37-7","Organics, Pesticides","Organics, Pesticides","Imazaquin, wf","ng/l","Imazaquin, water, filtered, recoverable, nanograms per liter","Water","Dissolved","","","","",""
"61683","81335-77-5","Organics, Pesticides","Organics, Pesticides","Imazethapyr, wf","ng/l","Imazethapyr, water, filtered, recoverable, nanograms per liter","Water","Dissolved","","","","",""
"61685","111991-09-4","Organics, Pesticides","Organics, Pesticides","Nicosulfuron, wf","ng/l","Nicosulfuron, water, filtered, recoverable, nanograms per liter","Water","Dissolved","","","","",""
"61687","94125-34-5","Organics, Pesticides","Organics, Pesticides","Prosulfuron, wf","ng/l","Prosulfuron, water, filtered, recoverable, nanograms per liter","Water","Dissolved","","","","",""
"65064","15972-60-8","Organics, Pesticides","Organics, Pesticides","Alachlor, wf","ng/l","Alachlor, water, filtered, recoverable, nanograms per liter","Water","Dissolved","","","","",""
"65065","1912-24-9","Organics, Pesticides","Organics, Pesticides","Atrazine, wf","ng/l","Atrazine, water, filtered, recoverable, nanograms per liter","Water","Dissolved","","","","",""
"65066","86-50-0","Organics, Pesticides","Organics, Pesticides","Azinphos-methyl, wf","ng/l","Azinphos-methyl, water, filtered, recoverable, nanograms per liter","Water","Dissolved","","","","",""
"65067","82657-04-3","Organics, Pesticides","Organics, Pesticides","Bifenthrin, wf","ng/l","Bifenthrin, water, filtered, recoverable, nanograms per liter","Water","Dissolved","","","","",""
"65068","2008-41-5","Organics, Pesticides","Organics, Pesticides","Butylate, wf","ng/l","Butylate, water, filtered, recoverable, nanograms per liter","Water","Dissolved","","","","",""
"65069","63-25-2","Organics, Pesticides","Organics, Pesticides","Carbaryl, wf","ng/l","Carbaryl, water, filtered, recoverable, nanograms per liter","Water","Dissolved","","","","",""
"65070","1563-66-2","Organics, Pesticides","Organics, Pesticides","Carbofuran, wf","ng/l","Carbofuran, water, filtered, recoverable, nanograms per liter","Water","Dissolved","","","","",""
"65072","2921-88-2","Organics, Pesticides","Organics, Pesticides","Chlorpyrifos, wf","ng/l","Chlorpyrifos, water, filtered, recoverable, nanograms per liter","Water","Dissolved","","","","",""
"65078","333-41-5","Organics, Pesticides","Organics, Pesticides","Diazinon, wf","ng/l","Diazinon, water, filtered, recoverable, nanograms per liter","Water","Dissolved","","","","",""
"65080","759-94-4","Organics, Pesticides","Organics, Pesticides","EPTC, wf","ng/l","EPTC, water, filtered, recoverable, nanograms per liter","Water","Dissolved","","","","",""
"65084","944-22-9","Organics, Pesticides","Organics, Pesticides","Fonofos, wf","ng/l","Fonofos, water, filtered, recoverable, nanograms per liter","Water","Dissolved","","","","",""
"65085","51235-04-2","Organics, Pesticides","Organics, Pesticides","Hexazinone, wf","ng/l","Hexazinone, water, filtered, recoverable, nanograms per liter","Water","Dissolved","","","","",""
"65087","121-75-5","Organics, Pesticides","Organics, Pesticides","Malathion, wf","ng/l","Malathion, water, filtered, recoverable, nanograms per liter","Water","Dissolved","","","","",""
"65088","950-37-8","Organics, Pesticides","Organics, Pesticides","Methidathion, wf","ng/l","Methidathion, water, filtered, recoverable, nanograms per liter","Water","Dissolved","","","","",""
"65090","51218-45-2","Organics, Pesticides","Organics, Pesticides","Metolachlor, wf","ng/l","Metolachlor, water, filtered, recoverable, nanograms per liter","Water","Dissolved","","","","",""
"65091","2212-67-1","Organics, Pesticides","Organics, Pesticides","Molinate, wf","ng/l","Molinate, water, filtered, recoverable, nanograms per liter","Water","Dissolved","","","","",""
"65093","42874-03-3","Organics, Pesticides","Organics, Pesticides","Oxyfluorfen, wf","ng/l","Oxyfluorfen, water, filtered, recoverable, nanograms per liter","Water","Dissolved","","","","",""
"65098","40487-42-1","Organics, Pesticides","Organics, Pesticides","Pendimethalin, wf","ng/l","Pendimethalin, water, filtered, recoverable, nanograms per liter","Water","Dissolved","","","","",""
"65102","51-03-6","Organics, Pesticides","Organics, Pesticides","Piperonyl butoxide, wf","ng/l","Piperonyl butoxide, water, filtered, recoverable, nanograms per liter","Water","Dissolved","","","","",""
"65103","7287-19-6","Organics, Pesticides","Organics, Pesticides","Prometryn, wf","ng/l","Prometryn, water, filtered, recoverable, nanograms per liter","Water","Dissolved","","","","",""
"65105","122-34-9","Organics, Pesticides","Organics, Pesticides","Simazine, wf","ng/l","Simazine, water, filtered, recoverable, nanograms per liter","Water","Dissolved","","","","",""
"65107","28249-77-6","Organics, Pesticides","Organics, Pesticides","Thiobencarb, wf","ng/l","Thiobencarb, water, filtered, recoverable, nanograms per liter","Water","Dissolved","","","","",""
"66589","131860-33-8","Organics, Pesticides","Organics, Pesticides","Azoxystrobin, wf","ng/l","Azoxystrobin, water, filtered, recoverable, nanograms per liter","Water","Dissolved","","","","",""
"66592","21725-46-2","Organics, Pesticides","Organics, Pesticides","Cyanazine, wf","ng/l","Cyanazine, water, filtered, recoverable, nanograms per liter","Water","Dissolved","","","","",""
"66596","60-51-5","Organics, Pesticides","Organics, Pesticides","Dimethoate, wf","ng/l","Dimethoate, water, filtered, recoverable, nanograms per liter","Water","Dissolved","","","","",""
"66598","330-54-1","Organics, Pesticides","Organics, Pesticides","Diuron, wf","ng/l","Diuron, water, filtered, recoverable, nanograms per liter","Water","Dissolved","","","","",""
"66604","120068-37-3","Organics, Pesticides","Organics, Pesticides","Fipronil, wf","ng/l","Fipronil, water, filtered, recoverable, nanograms per liter","Water","Dissolved","","","","",""
"66607","205650-65-3","Organics, Pesticides","Organics, Pesticides","Desulfinylfipronil, wf","ng/l","Desulfinylfipronil, water, filtered, recoverable, nanograms per liter","Water","Dissolved","","","","",""
"66610","120067-83-6","Organics, Pesticides","Organics, Pesticides","Fipronil sulfide, wf","ng/l","Fipronil sulfide, water, filtered, recoverable, nanograms per liter","Water","Dissolved","","","","",""
"66613","120068-36-2","Organics, Pesticides","Organics, Pesticides","Fipronil sulfone, wf","ng/l","Fipronil sulfone, water, filtered, recoverable, nanograms per liter","Water","Dissolved","","","","",""
"66620","125116-23-6","Organics, Pesticides","Organics, Pesticides","Metconazole, wf","ng/l","Metconazole, water, filtered, recoverable, nanograms per liter","Water","Dissolved","","","","",""
"66632","88671-89-0","Organics, Pesticides","Organics, Pesticides","Myclobutanil, wf","ng/l","Myclobutanil, water, filtered, recoverable, nanograms per liter","Water","Dissolved","","","","",""
"66641","709-98-8","Organics, Pesticides","Organics, Pesticides","Propanil, wf","ng/l","Propanil, water, filtered, recoverable, nanograms per liter","Water","Dissolved","","","","",""
"66643","60207-90-1","Organics, Pesticides","Organics, Pesticides","Propiconazole, wf","ng/l","Propiconazole, water, filtered, recoverable, nanograms per liter","Water","Dissolved","","","","",""
"66646","175013-18-0","Organics, Pesticides","Organics, Pesticides","Pyraclostrobin, wf","ng/l","Pyraclostrobin, water, filtered, recoverable, nanograms per liter","Water","Dissolved","","","","",""
"66649","107534-96-3","Organics, Pesticides","Organics, Pesticides","Tebuconazole, wf","ng/l","Tebuconazole, water, filtered, recoverable, nanograms per liter","Water","Dissolved","","","","",""
"66651","5915-41-3","Organics, Pesticides","Organics, Pesticides","Terbuthylazine, wf","ng/l","Terbuthylazine, water, filtered, recoverable, nanograms per liter","Water","Dissolved","","","","",""
"66654","112281-77-3","Organics, Pesticides","Organics, Pesticides","Tetraconazole, wf","ng/l","Tetraconazole, water, filtered, recoverable, nanograms per liter","Water","Dissolved","","","","",""
"66660","141517-21-7","Organics, Pesticides","Organics, Pesticides","Trifloxystrobin, wf","ng/l","Trifloxystrobin, water, filtered, recoverable, nanograms per liter","Water","Dissolved","","","","",""
"67595","298-04-4","Organics, Pesticides","Organics, Pesticides","Disulfoton, wf","ng/l","Disulfoton, water, filtered, recoverable, nanograms per liter","Water","Dissolved","","","","",""
"67670","143390-89-0","Organics, Pesticides","Organics, Pesticides","Kresoxim-methyl, wf","ng/l","Kresoxim-methyl, water, filtered, recoverable, nanograms per liter","Water","Dissolved","","","","",""
"67685","27314-13-2","Organics, Pesticides","Organics, Pesticides","Norflurazon, wf","ng/l","Norflurazon, water, filtered, recoverable, nanograms per liter","Water","Dissolved","","","","",""
"67702","1610-18-0","Organics, Pesticides","Organics, Pesticides","Prometon, wf","ng/l","Prometon, water, filtered, recoverable, nanograms per liter","Water","Dissolved","","","","",""
"67706","23950-58-5","Organics, Pesticides","Organics, Pesticides","Propyzamide, wf","ng/l","Propyzamide, water, filtered, recoverable, nanograms per liter","Water","Dissolved","","","","",""
"68211","961-22-8","Organics, Pesticides","Organics, Pesticides","Azinphos-methyl oxon, wf","ng/l","Azinphos-methyl oxygen analog, water, filtered, recoverable, nanograms per liter","Water","Dissolved","","","","",""
"68216","5598-15-2","Organics, Pesticides","Organics, Pesticides","Chlorpyrifos oxon, wf","ng/l","Chlorpyrifos oxon, water, filtered, recoverable, nanograms per liter","Water","Dissolved","","","","",""
"68226","2327-02-8","Organics, Pesticides","Organics, Pesticides","DCPU, wf","ng/l","3,4-Dichlorophenylurea, water, filtered, recoverable, nanograms per liter","Water","Dissolved","","","","",""
"68231","3567-62-2","Organics, Pesticides","Organics, Pesticides","DCPMU, wf","ng/l","N-(3,4-Dichlorophenyl)-N'-methylurea, water, filtered, recoverable, nanograms per liter","Water","Dissolved","","","","",""
"68236","962-58-3","Organics, Pesticides","Organics, Pesticides","Diazoxon, wf","ng/l","Diazoxon, water, filtered, recoverable, nanograms per liter","Water","Dissolved","","","","",""
"68240","1634-78-2","Organics, Pesticides","Organics, Pesticides","Malaoxon, wf","ng/l","Malaoxon, water, filtered, recoverable, nanograms per liter","Water","Dissolved","","","","",""
"68336","28343-61-5","Organics, Pesticides","Organics, Pesticides","4-Hydroxychlorothalonil, wf","ng/l","4-Hydroxychlorothalonil, water, filtered, recoverable, nanograms per liter","Water","Dissolved","","","","",""
"68426","138261-41-3","Organics, Pesticides","Organics, Pesticides","Imidacloprid, wf","ng/l","Imidacloprid, water, filtered, recoverable, nanograms per liter","Water","Dissolved","","","","",""
"68437","57837-19-1","Organics, Pesticides","Organics, Pesticides","Metalaxyl, wf","ng/l","Metalaxyl, water, filtered, recoverable, nanograms per liter","Water","Dissolved","","","","",""
"68498","116421-29-5","Organics, Pesticides","Organics, Pesticides","1H-1,2,4-Triazole, wf","ng/l","1H-1,2,4-Triazole, water, filtered, recoverable, nanograms per liter","Water","Dissolved","","","","",""
"68500","94-75-7","Organics, Pesticides","Organics, Pesticides","2,4-D, wf","ng/l","2,4-D, water, filtered, recoverable, nanograms per liter","Water","Dissolved","","","","",""
"68502","934-32-7","Organics, Pesticides","Organics, Pesticides","2-Aminobenzimidazole, wf","ng/l","2-Aminobenzimidazole, water, filtered, recoverable, nanograms per liter","Water","Dissolved","","","","",""
"68503","30391-89-0","Organics, Pesticides","Organics, Pesticides","2-Amino-N-isopropylbenzamide","ng/l","2-Amino-N-isopropylbenzamide, water, filtered, recoverable, nanograms per liter","Water","Dissolved","","","","",""
"62046","55-38-9","Organics, Pesticides","Organics, Pesticides","Fenthion, bs","ug/kg","Fenthion, bed sediment, recoverable, dry weight, micrograms per kilogram","Sediment","Bed Sediment","","","","Dry",""
"62047","950-37-8","Organics, Pesticides","Organics, Pesticides","Methidathion, bs","ug/kg","Methidathion, bed sediment, recoverable, dry weight, micrograms per kilogram","Sediment","Bed Sediment","","","","Dry",""
"62902","1582-09-8","Organics, Pesticides","Organics, Pesticides","Trifluralin, bs","ug/kg","Trifluralin, bed sediment, recoverable, dry weight, micrograms per kilogram","Sediment","Bed Sediment","","","","Dry",""
"62904","1897-45-6","Organics, Pesticides","Organics, Pesticides","Chlorothalonil, bs","ug/kg","Chlorothalonil, bed sediment, recoverable, dry weight, micrograms per kilogram","Sediment","Bed Sediment","","","","Dry",""
"62905","1861-32-1","Organics, Pesticides","Organics, Pesticides","DCPA, bs","ug/kg","DCPA, bed sediment, recoverable, dry weight, micrograms per kilogram","Sediment","Bed Sediment","","","","Dry",""
"63226","1610-18-0","Organics, Pesticides","Organics, Pesticides","Prometon, solids","ug/kg","Prometon, solids, recoverable, dry weight, micrograms per kilogram","Other","Recoverable","","","","Dry",""
"64150","86-50-0","Organics, Pesticides","Organics, Pesticides","Azinphos-methyl, bs","ug/kg","Azinphos-methyl, bed sediment, recoverable, dry weight, micrograms per kilogram","Sediment","Bed Sediment","","","","Dry",""
"64151","82657-04-3","Organics, Pesticides","Organics, Pesticides","Bifenthrin, bs","ug/kg","Bifenthrin, bed sediment, recoverable, dry weight, micrograms per kilogram","Sediment","Bed Sediment","","","","Dry",""
"64152","2008-41-5","Organics, Pesticides","Organics, Pesticides","Butylate, bs","ug/kg","Butylate, bed sediment, recoverable, dry weight, micrograms per kilogram","Sediment","Bed Sediment","","","","Dry",""
"64153","63-25-2","Organics, Pesticides","Organics, Pesticides","Carbaryl, bs","ug/kg","Carbaryl, bed sediment, recoverable, dry weight, micrograms per kilogram","Sediment","Bed Sediment","","","","Dry",""
"64154","1563-66-2","Organics, Pesticides","Organics, Pesticides","Carbofuran, bs","ug/kg","Carbofuran, bed sediment, recoverable, dry weight, micrograms per kilogram","Sediment","Bed Sediment","","","","Dry",""
"64155","1134-23-2","Organics, Pesticides","Organics, Pesticides","Cycloate, bs","ug/kg","Cycloate, bed sediment, recoverable, dry weight, micrograms per kilogram","Sediment","Bed Sediment","","","","Dry",""
"64156","52315-07-8","Organics, Pesticides","Organics, Pesticides","Cypermethrin, bs","ug/kg","Cypermethrin, bed sediment, recoverable, dry weight, micrograms per kilogram","Sediment","Bed Sediment","","","","Dry",""
"64158","759-94-4","Organics, Pesticides","Organics, Pesticides","EPTC, bs","ug/kg","EPTC, bed sediment, recoverable, dry weight, micrograms per kilogram","Sediment","Bed Sediment","","","","Dry",""
"64159","66230-04-4","Organics, Pesticides","Organics, Pesticides","Esfenvalerate, bs","ug/kg","Esfenvalerate, bed sediment, recoverable, dry weight, micrograms per kilogram","Sediment","Bed Sediment","","","","Dry",""
"64160","55283-68-6","Organics, Pesticides","Organics, Pesticides","Ethalfluralin, bs","ug/kg","Ethalfluralin, bed sediment, recoverable, dry weight, micrograms per kilogram","Sediment","Bed Sediment","","","","Dry",""
"64161","51235-04-2","Organics, Pesticides","Organics, Pesticides","Hexazinone, bs","ug/kg","Hexazinone, bed sediment, recoverable, dry weight, micrograms per kilogram","Sediment","Bed Sediment","","","","Dry",""
"64163","2212-67-1","Organics, Pesticides","Organics, Pesticides","Molinate, bs","ug/kg","Molinate, bed sediment, recoverable, dry weight, micrograms per kilogram","Sediment","Bed Sediment","","","","Dry",""
"64164","15299-99-7","Organics, Pesticides","Organics, Pesticides","Napropamide, bs","ug/kg","Napropamide, bed sediment, recoverable, dry weight, micrograms per kilogram","Sediment","Bed Sediment","","","","Dry",""
"64165","42874-03-3","Organics, Pesticides","Organics, Pesticides","Oxyfluorfen, bs","ug/kg","Oxyfluorfen, bed sediment, recoverable, dry weight, micrograms per kilogram","Sediment","Bed Sediment","","","","Dry",""
"64166","1114-71-2","Organics, Pesticides","Organics, Pesticides","Pebulate, bs","ug/kg","Pebulate, bed sediment, recoverable, dry weight, micrograms per kilogram","Sediment","Bed Sediment","","","","Dry",""
"64167","40487-42-1","Organics, Pesticides","Organics, Pesticides","Pendimethalin, bs","ug/kg","Pendimethalin, bed sediment, recoverable, dry weight, micrograms per kilogram","Sediment","Bed Sediment","","","","Dry",""
"64168","52645-53-1","Organics, Pesticides","Organics, Pesticides","Permethrin, bs","ug/kg","Permethrin, bed sediment, recoverable, dry weight, micrograms per kilogram","Sediment","Bed Sediment","","","","Dry",""
"64169","732-11-6","Organics, Pesticides","Organics, Pesticides","Phosmet, bs","ug/kg","Phosmet, bed sediment, recoverable, dry weight, micrograms per kilogram","Sediment","Bed Sediment","","","","Dry",""
"64170","51-03-6","Organics, Pesticides","Organics, Pesticides","Piperonyl butoxide, bs","ug/kg","Piperonyl butoxide, bed sediment, recoverable, dry weight, micrograms per kilogram","Sediment","Bed Sediment","","","","Dry",""
"64171","28249-77-6","Organics, Pesticides","Organics, Pesticides","Thiobencarb, bs","ug/kg","Thiobencarb, bed sediment, recoverable, dry weight, micrograms per kilogram","Sediment","Bed Sediment","","","","Dry",""
"65109","68359-37-5","Organics, Pesticides","Organics, Pesticides","Cyfluthrin, bs","ug/kg","Cyfluthrin, bed sediment, recoverable, dry weight, micrograms per kilogram","Sediment","Bed Sediment","","","","Dry",""
"65110","52918-63-5","Organics, Pesticides","Organics, Pesticides","Deltamethrin, bs","ug/kg","Deltamethrin, bed sediment, recoverable, dry weight, micrograms per kilogram","Sediment","Bed Sediment","","","","Dry",""
"65111","39515-41-8","Organics, Pesticides","Organics, Pesticides","Fenpropathrin, bs","ug/kg","Fenpropathrin, bed sediment, recoverable, dry weight, micrograms per kilogram","Sediment","Bed Sediment","","","","Dry",""
"65112","26002-80-2","Organics, Pesticides","Organics, Pesticides","Phenothrin, bs","ug/kg","Phenothrin, bed sediment, recoverable, dry weight, micrograms per kilogram","Sediment","Bed Sediment","","","","Dry",""
"65113","10453-86-8","Organics, Pesticides","Organics, Pesticides","Resmethrin, bs","ug/kg","Resmethrin, bed sediment, recoverable, dry weight, micrograms per kilogram","Sediment","Bed Sediment","","","","Dry",""
"65114","102851-06-9","Organics, Pesticides","Organics, Pesticides","tau-Fluvalinate, bs","ug/kg","tau-Fluvalinate, bed sediment, recoverable, dry weight, micrograms per kilogram","Sediment","Bed Sediment","","","","Dry",""
"66585","95-76-1","Organics, Pesticides","Organics, Pesticides","3,4-Dichloroaniline, bs, dw","ug/kg","3,4-Dichloroaniline, bed sediment, recoverable, dry weight, micrograms per kilogram","Sediment","Bed Sediment","","","","Dry",""
"66588","584-79-2","Organics, Pesticides","Organics, Pesticides","Allethrin, bs, dw","ug/kg","Allethrin, bed sediment, recoverable, dry weight, micrograms per kilogram","Sediment","Bed Sediment","","","","Dry",""
"66591","131860-33-8","Organics, Pesticides","Organics, Pesticides","Azoxystrobin, bs, dw","ug/kg","Azoxystrobin, bed sediment, recoverable, dry weight, micrograms per kilogram","Sediment","Bed Sediment","","","","Dry",""
"66595","94361-06-5","Organics, Pesticides","Organics, Pesticides","Cyproconazole, bs, dw","ug/kg","Cyproconazole, bed sediment, recoverable, dry weight, micrograms per kilogram","Sediment","Bed Sediment","","","","Dry",""
"66606","120068-37-3","Organics, Pesticides","Organics, Pesticides","Fipronil, bs, dw","ug/kg","Fipronil, bed sediment, recoverable, dry weight, micrograms per kilogram","Sediment","Bed Sediment","","","","Dry",""
"66609","205650-65-3","Organics, Pesticides","Organics, Pesticides","Desulfinylfipronil, bs, dw","ug/kg","Desulfinylfipronil, bed sediment, recoverable, dry weight, micrograms per kilogram","Sediment","Bed Sediment","","","","Dry",""
"66612","120067-83-6","Organics, Pesticides","Organics, Pesticides","Fipronil sulfide, bs, dw","ug/kg","Fipronil sulfide, bed sediment, recoverable, dry weight, micrograms per kilogram","Sediment","Bed Sediment","","","","Dry",""
"66615","120068-36-2","Organics, Pesticides","Organics, Pesticides","Fipronil sulfone, bs, dw","ug/kg","Fipronil sulfone, bed sediment, recoverable, dry weight, micrograms per kilogram","Sediment","Bed Sediment","","","","Dry",""
"66618","36734-19-7","Organics, Pesticides","Organics, Pesticides","Iprodione, bs, dw","ug/kg","Iprodione, bed sediment, recoverable, dry weight, micrograms per kilogram","Sediment","Bed Sediment","","","","Dry",""
"66622","125116-23-6","Organics, Pesticides","Organics, Pesticides","Metconazole, bs, dw","ug/kg","Metconazole, bed sediment, recoverable, dry weight, micrograms per kilogram","Sediment","Bed Sediment","","","","Dry",""
"66625","40596-69-8","Organics, Pesticides","Organics, Pesticides","Methoprene, bs, dw","ug/kg","Methoprene, bed sediment, recoverable, dry weight, micrograms per kilogram","Sediment","Bed Sediment","","","","Dry",""
"66634","88671-89-0","Organics, Pesticides","Organics, Pesticides","Myclobutanil, bs, dw","ug/kg","Myclobutanil, bed sediment, recoverable, dry weight, micrograms per kilogram","Sediment","Bed Sediment","","","","Dry",""
"66642","709-98-8","Organics, Pesticides","Organics, Pesticides","Propanil, bs, dw","ug/kg","Propanil, bed sediment, recoverable, dry weight, micrograms per kilogram","Sediment","Bed Sediment","","","","Dry",""
"66645","60207-90-1","Organics, Pesticides","Organics, Pesticides","Propiconazole, bs, dw","ug/kg","Propiconazole, bed sediment, recoverable, dry weight, micrograms per kilogram","Sediment","Bed Sediment","","","","Dry",""
"66648","175013-18-0","Organics, Pesticides","Organics, Pesticides","Pyraclostrobin, bs, dw","ug/kg","Pyraclostrobin, bed sediment, recoverable, dry weight, micrograms per kilogram","Sediment","Bed Sediment","","","","Dry",""
"66650","107534-96-3","Organics, Pesticides","Organics, Pesticides","Tebuconazole, bs, dw","ug/kg","Tebuconazole, bed sediment, recoverable, dry weight, micrograms per kilogram","Sediment","Bed Sediment","","","","Dry",""
"66656","112281-77-3","Organics, Pesticides","Organics, Pesticides","Tetraconazole, bs, dw","ug/kg","Tetraconazole, bed sediment, recoverable, dry weight, micrograms per kilogram","Sediment","Bed Sediment","","","","Dry",""
"66659","7696-12-0","Organics, Pesticides","Organics, Pesticides","Tetramethrin, bs, dw","ug/kg","Tetramethrin, bed sediment, recoverable, dry weight, micrograms per kilogram","Sediment","Bed Sediment","","","","Dry",""
"66662","141517-21-7","Organics, Pesticides","Organics, Pesticides","Trifloxystrobin, bs, dw","ug/kg","Trifloxystrobin, bed sediment, recoverable, dry weight, micrograms per kilogram","Sediment","Bed Sediment","","","","Dry",""
"67538","626-43-7","Organics, Pesticides","Organics, Pesticides","3,5-Dichloroaniline, bs","ug/kg","3,5-Dichloroaniline, bed sediment, recoverable, dry weight, micrograms per kilogram","Sediment","Bed Sediment","","","","Dry",""
"67552","188425-85-6","Organics, Pesticides","Organics, Pesticides","Boscalid, bs","ug/kg","Boscalid, bed sediment, recoverable, dry weight, micrograms per kilogram","Sediment","Bed Sediment","","","","Dry",""
"67564","81777-89-1","Organics, Pesticides","Organics, Pesticides","Clomazone, bs","ug/kg","Clomazone, bed sediment, recoverable, dry weight, micrograms per kilogram","Sediment","Bed Sediment","","","","Dry",""
"67576","121552-61-2","Organics, Pesticides","Organics, Pesticides","Cyprodinil, bs","ug/kg","Cyprodinil, bed sediment, recoverable, dry weight, micrograms per kilogram","Sediment","Bed Sediment","","","","Dry",""
"67584","119446-68-3","Organics, Pesticides","Organics, Pesticides","Difenoconazole, bs","ug/kg","Difenoconazole, bed sediment, recoverable, dry weight, micrograms per kilogram","Sediment","Bed Sediment","","","","Dry",""
"67606","80844-07-1","Organics, Pesticides","Organics, Pesticides","Etofenprox, bs","ug/kg","Etofenprox, bed sediment, recoverable, dry weight, micrograms per kilogram","Sediment","Bed Sediment","","","","Dry",""
"67611","131807-57-3","Organics, Pesticides","Organics, Pesticides","Famoxadone, bs","ug/kg","Famoxadone, bed sediment, recoverable, dry weight, micrograms per kilogram","Sediment","Bed Sediment","","","","Dry",""
"67615","60168-88-9","Organics, Pesticides","Organics, Pesticides","Fenarimol, bs","ug/kg","Fenarimol, bed sediment, recoverable, dry weight, micrograms per kilogram","Sediment","Bed Sediment","","","","Dry",""
"67620","114369-43-6","Organics, Pesticides","Organics, Pesticides","Fenbuconazole, bs","ug/kg","Fenbuconazole, bed sediment, recoverable, dry weight, micrograms per kilogram","Sediment","Bed Sediment","","","","Dry",""
"67624","126833-17-8","Organics, Pesticides","Organics, Pesticides","Fenhexamid, bs","ug/kg","Fenhexamid, bed sediment, recoverable, dry weight, micrograms per kilogram","Sediment","Bed Sediment","","","","Dry",""
"67638","79622-59-6","Organics, Pesticides","Organics, Pesticides","Fluazinam, bs","ug/kg","Fluazinam, bed sediment, recoverable, dry weight, micrograms per kilogram","Sediment","Bed Sediment","","","","Dry",""
"67642","131341-86-1","Organics, Pesticides","Organics, Pesticides","Fludioxonil, bs","ug/kg","Fludioxonil, bed sediment, recoverable, dry weight, micrograms per kilogram","Sediment","Bed Sediment","","","","Dry",""
"67647","193740-76-0","Organics, Pesticides","Organics, Pesticides","Fluoxastrobin, bs","ug/kg","Fluoxastrobin, bed sediment, recoverable, dry weight, micrograms per kilogram","Sediment","Bed Sediment","","","","Dry",""
"67651","85509-19-9","Organics, Pesticides","Organics, Pesticides","Flusilazole, bs","ug/kg","Flusilazole, bed sediment, recoverable, dry weight, micrograms per kilogram","Sediment","Bed Sediment","","","","Dry",""
"67655","76674-21-0","Organics, Pesticides","Organics, Pesticides","Flutriafol, bs","ug/kg","Flutriafol, bed sediment, recoverable, dry weight, micrograms per kilogram","Sediment","Bed Sediment","","","","Dry",""
"67664","35554-44-0","Organics, Pesticides","Organics, Pesticides","Imazalil, bs","ug/kg","Imazalil, bed sediment, recoverable, dry weight, micrograms per kilogram","Sediment","Bed Sediment","","","","Dry",""
"67672","143390-89-0","Organics, Pesticides","Organics, Pesticides","Kresoxim-methyl, bs","ug/kg","Kresoxim-methyl, bed sediment, recoverable, dry weight, micrograms per kilogram","Sediment","Bed Sediment","","","","Dry",""
"67708","23950-58-5","Organics, Pesticides","Organics, Pesticides","Propyzamide, bs","ug/kg","Propyzamide, bed sediment, recoverable, dry weight, micrograms per kilogram","Sediment","Bed Sediment","","","","Dry",""
"67719","53112-28-0","Organics, Pesticides","Organics, Pesticides","Pyrimethanil, bs","ug/kg","Pyrimethanil, bed sediment, recoverable, dry weight, micrograms per kilogram","Sediment","Bed Sediment","","","","Dry",""
"67733","79538-32-2","Organics, Pesticides","Organics, Pesticides","Tefluthrin, bs","ug/kg","Tefluthrin, bed sediment, recoverable, dry weight, micrograms per kilogram","Sediment","Bed Sediment","","","","Dry",""
"67743","43121-43-3","Organics, Pesticides","Organics, Pesticides","Triadimefon, bs","ug/kg","Triadimefon, bed sediment, recoverable, dry weight, micrograms per kilogram","Sediment","Bed Sediment","","","","Dry",""
"67748","55219-65-3","Organics, Pesticides","Organics, Pesticides","Triadimenol, bs","ug/kg","Triadimenol, bed sediment, recoverable, dry weight, micrograms per kilogram","Sediment","Bed Sediment","","","","Dry",""
"67755","68694-11-1","Organics, Pesticides","Organics, Pesticides","Triflumizole, bs","ug/kg","Triflumizole, bed sediment, recoverable, dry weight, micrograms per kilogram","Sediment","Bed Sediment","","","","Dry",""
"67760","131983-72-7","Organics, Pesticides","Organics, Pesticides","Triticonazole, bs","ug/kg","Triticonazole, bed sediment, recoverable, dry weight, micrograms per kilogram","Sediment","Bed Sediment","","","","Dry",""
"67765","50471-44-8","Organics, Pesticides","Organics, Pesticides","Vinclozolin, bs","ug/kg","Vinclozolin, bed sediment, recoverable, dry weight, micrograms per kilogram","Sediment","Bed Sediment","","","","Dry",""
"67770","156052-68-5","Organics, Pesticides","Organics, Pesticides","Zoxamide, bs","ug/kg","Zoxamide, bed sediment, recoverable, dry weight, micrograms per kilogram","Sediment","Bed Sediment","","","","Dry",""
"68324","133-06-2","Organics, Pesticides","Organics, Pesticides","Captan, bs","ug/kg","Captan, bed sediment, recoverable, dry weight, micrograms per kilogram","Sediment","Recoverable","","","","Dry",""
"68356","68085-85-8","Organics, Pesticides","Organics, Pesticides","Cyhalothrin (all isomers), bs","ug/kg","Cyhalothrin (all isomers), bed sediment, recoverable, dry weight, micrograms per kilogram","Sediment","Recoverable","","","","Dry",""
"68375","110488-70-5","Organics, Pesticides","Organics, Pesticides","Dimethomorph, bs","ug/kg","Dimethomorph, bed sediment, recoverable, dry weight, micrograms per kilogram","Sediment","Recoverable","","","","Dry",""
"68439","57837-19-1","Organics, Pesticides","Organics, Pesticides","Metalaxyl, bs","ug/kg","Metalaxyl, bed sediment, recoverable, dry weight, micrograms per kilogram","Sediment","Recoverable","","","","Dry",""
"68876","6967-29-9","Organics, Pesticides","Organics, Pesticides","Alachlor 2nd amide, bs","ug/kg","2-Chloro-2',6'-diethylacetanilide, bed sediment, recoverable, dry weight, micrograms per kilogram","Sediment","Bed Sediment","","","","Dry",""
"68878","1861-40-1","Organics, Pesticides","Organics, Pesticides","Benfluralin, bs","ug/kg","Benfluralin, bed sediment, recoverable, dry weight, micrograms per kilogram","Sediment","Bed Sediment","","","","Dry",""
"68880","33629-47-9","Organics, Pesticides","Organics, Pesticides","Butralin, bs","ug/kg","Butralin, bed sediment, recoverable, dry weight, micrograms per kilogram","Sediment","Bed Sediment","","","","Dry",""
"68882","56-72-4","Organics, Pesticides","Organics, Pesticides","Coumaphos, bs","ug/kg","Coumaphos, bed sediment, recoverable, dry weight, micrograms per kilogram","Sediment","Bed Sediment","","","","Dry",""
"68884","122008-85-9","Organics, Pesticides","Organics, Pesticides","Cyhalofop-butyl, bs","ug/kg","Cyhalofop-butyl, bed sediment, recoverable, dry weight, micrograms per kilogram","Sediment","Bed Sediment","","","","Dry",""
"68886","97886-45-8","Organics, Pesticides","Organics, Pesticides","Dithiopyr, bs","ug/kg","Dithiopyr, bed sediment, recoverable, dry weight, micrograms per kilogram","Sediment","Bed Sediment","","","","Dry",""
"68888","134098-61-6","Organics, Pesticides","Organics, Pesticides","Fenpyroximate, bs","ug/kg","Fenpyroximate, bed sediment, recoverable, dry weight, micrograms per kilogram","Sediment","Bed Sediment","","","","Dry",""
"68891","1115248-09-3","Organics, Pesticides","Organics, Pesticides","Desulfinylfipronil amide, bs","ug/kg","Desulfinylfipronil amide, bed sediment, recoverable, dry weight, micrograms per kilogram","Sediment","Bed Sediment","","","","Dry",""
"68893","142459-58-3","Organics, Pesticides","Organics, Pesticides","Flufenacet, bs","ug/kg","Flufenacet, bed sediment, recoverable, dry weight, micrograms per kilogram","Sediment","Bed Sediment","","","","Dry",""
"68895","62924-70-3","Organics, Pesticides","Organics, Pesticides","Flumetralin, bs","ug/kg","Flumetralin, bed sediment, recoverable, dry weight, micrograms per kilogram","Sediment","Bed Sediment","","","","Dry",""
"68897","66332-96-5","Organics, Pesticides","Organics, Pesticides","Flutolanil, bs","ug/kg","Flutolanil, bed sediment, recoverable, dry weight, micrograms per kilogram","Sediment","Bed Sediment","","","","Dry",""
"68899","173584-44-6","Organics, Pesticides","Organics, Pesticides","Indoxacarb, bs","ug/kg","Indoxacarb, bed sediment, recoverable, dry weight, micrograms per kilogram","Sediment","Bed Sediment","","","","Dry",""
"68901","116714-46-6","Organics, Pesticides","Organics, Pesticides","Novaluron, bs","ug/kg","Novaluron, bed sediment, recoverable, dry weight, micrograms per kilogram","Sediment","Bed Sediment","","","","Dry",""
"68903","19666-30-9","Organics, Pesticides","Organics, Pesticides","Oxadiazon, bs","ug/kg","Oxadiazon, bed sediment, recoverable, dry weight, micrograms per kilogram","Sediment","Bed Sediment","","","","Dry",""
"68905","29091-21-2","Organics, Pesticides","Organics, Pesticides","Prodiamine, bs","ug/kg","Prodiamine, bed sediment, recoverable, dry weight, micrograms per kilogram","Sediment","Bed Sediment","","","","Dry",""
"68907","2312-35-8","Organics, Pesticides","Organics, Pesticides","Propargite, bs","ug/kg","Propargite, bed sediment, recoverable, dry weight, micrograms per kilogram","Sediment","Bed Sediment","","","","Dry",""
"68909","96489-71-3","Organics, Pesticides","Organics, Pesticides","Pyridaben, bs","ug/kg","Pyridaben, bed sediment, recoverable, dry weight, micrograms per kilogram","Sediment","Bed Sediment","","","","Dry",""
"68911","","Organics, Pesticides","Organics, Pesticides","Tebupirimfos oxon, bs","ug/kg","Tebupirimfos oxygen analog, bed sediment, recoverable, dry weight, micrograms per kilogram","Sediment","Bed Sediment","","","","Dry",""
"68913","96182-53-5","Organics, Pesticides","Organics, Pesticides","Tebupirimfos, bs","ug/kg","Tebupirimfos, bed sediment, recoverable, dry weight, micrograms per kilogram","Sediment","Bed Sediment","","","","Dry",""
"68915","116-29-0","Organics, Pesticides","Organics, Pesticides","Tetradifon, bs","ug/kg","Tetradifon, bed sediment, recoverable, dry weight, micrograms per kilogram","Sediment","Bed Sediment","","","","Dry",""
"68917","117718-60-2","Organics, Pesticides","Organics, Pesticides","Thiazopyr, bs","ug/kg","Thiazopyr, bed sediment, recoverable, dry weight, micrograms per kilogram","Sediment","Bed Sediment","","","","Dry",""
"68919","2303-17-5","Organics, Pesticides","Organics, Pesticides","Triallate, bs","ug/kg","Triallate, bed sediment, recoverable, dry weight, micrograms per kilogram","Sediment","Bed Sediment","","","","Dry",""
"78688","7287-19-6","Organics, Pesticides","Organics, Pesticides","Prometryn, bs","ug/kg","Prometryn, bed sediment, recoverable, dry weight, micrograms per kilogram","Sediment","Bed Sediment","","","","Dry",""
"81404","2921-88-2","Organics, Pesticides","Organics, Pesticides","Chlorpyrifos, bs","ug/kg","Chlorpyrifos, bed sediment, recoverable, dry weight, micrograms per kilogram","Sediment","Bed Sediment","","","","Dry",""
"82402","1610-18-0","Organics, Pesticides","Organics, Pesticides","Prometon, bs","ug/kg","Prometon, bed sediment, recoverable, dry weight, micrograms per kilogram","Sediment","Bed Sediment","","","","Dry",""
"62649","1066-51-9","Organics, Pesticides","Organics, Pesticides","AMPA, w,gf<0.7u","ug/l","Aminomethylphosphonic acid, water, filtered (0.7 micron glass fiber filter), recoverable, micrograms per liter","Water","Dissolved","","","","",""
"62721","51276-47-2","Organics, Pesticides","Organics, Pesticides","Glufosinate, w,gf<.7u","ug/l","Glufosinate, water, filtered (0.7 micron glass fiber filter), recoverable, micrograms per liter","Water","Dissolved","","","","",""
"62722","1071-83-6","Organics, Pesticides","Organics, Pesticides","Glyphosate, w,gf<.7u","ug/l","Glyphosate, water, filtered (0.7 micron glass fiber filter), recoverable, micrograms per liter","Water","Dissolved","","","","",""
"04005","51218-45-2","Organics, Pesticides","Organics, Pesticides","Metolachlor, bs","ug/kg","Metolachlor, bed sediment, recoverable, dry weight, micrograms per kilogram","Sediment","Bed Sediment","","","","Dry",""
"04006","15972-60-8","Organics, Pesticides","Organics, Pesticides","Alachlor, bs","ug/kg","Alachlor, bed sediment, recoverable, dry weight, micrograms per kilogram","Sediment","Bed Sediment","","","","Dry",""
"39046","122-34-9","Organics, Pesticides","Organics, Pesticides","Simazine, bs","ug/kg","Simazine, bed sediment, recoverable, dry weight, micrograms per kilogram","Sediment","Bed Sediment","","","","Dry",""
"39050","78-48-8","Organics, Pesticides","Organics, Pesticides","Tribufos, bs","ug/kg","Tribufos, bed sediment, recoverable, dry weight, micrograms per kilogram","Sediment","Bed Sediment","","","","Dry",""
"39301","50-29-3","Organics, Pesticides","Organics, Pesticides","p,p'-DDT, bs","ug/kg","p,p'-DDT, bed sediment, recoverable, dry weight, micrograms per kilogram","Sediment","Bed Sediment","","","","Dry",""
"39311","72-54-8","Organics, Pesticides","Organics, Pesticides","p,p'-DDD, bs","ug/kg","p,p'-DDD, bed sediment, recoverable, dry weight, micrograms per kilogram","Sediment","Bed Sediment","","","","Dry",""
"39321","72-55-9","Organics, Pesticides","Organics, Pesticides","p,p'-DDE, bs","ug/kg","p,p'-DDE, bed sediment, recoverable, dry weight, micrograms per kilogram","Sediment","Bed Sediment","","","","Dry",""
"39531","121-75-5","Organics, Pesticides","Organics, Pesticides","Malathion, bs","ug/kg","Malathion, bed sediment, recoverable, dry weight, micrograms per kilogram","Sediment","Bed Sediment","","","","Dry",""
"39571","333-41-5","Organics, Pesticides","Organics, Pesticides","Diazinon, bs","ug/kg","Diazinon, bed sediment, recoverable, dry weight, micrograms per kilogram","Sediment","Bed Sediment","","","","Dry",""
"39601","298-00-0","Organics, Pesticides","Organics, Pesticides","Methyl parathion, bs","ug/kg","Methyl parathion, bed sediment, recoverable, dry weight, micrograms per kilogram","Sediment","Bed Sediment","","","","Dry",""
"39631","1912-24-9","Organics, Pesticides","Organics, Pesticides","Atrazine, bs","ug/kg","Atrazine, bed sediment, recoverable, dry weight, micrograms per kilogram","Sediment","Bed Sediment","","","","Dry",""
"49446","82-68-8","Organics, Pesticides","Organics, Pesticides","Pentachloronitrobenzene, bs<2","ug/kg","Pentachloronitrobenzene, bed sediment smaller than 2 millimeters, wet sieved (native water), field, recoverable, dry weight, micrograms per kilogram","Sediment","Bed Sediment","","","","Dry","< 2 mm"
"49460","1825-21-4","Organics, Pesticides","Organics, Pesticides","Pentachloroanisole, bs<2mm,ws","ug/kg","Pentachloroanisole, bed sediment smaller than 2 millimeters, wet sieved (native water), field, recoverable, dry weight, micrograms per kilogram","Sediment","Bed Sediment","","","","Dry","< 2 mm"
"63163","106-46-7","Organics, Pesticides","Organics, Pesticides","1,4-Dichlorobenzene, solids","ug/kg","1,4-Dichlorobenzene, solids, recoverable, dry weight, micrograms per kilogram","Other","Recoverable","","","","Dry",""
"63198","333-41-5","Organics, Pesticides","Organics, Pesticides","Diazinon, solids","ug/kg","Diazinon, solids, recoverable, dry weight, micrograms per kilogram","Other","Recoverable","","","","Dry",""
"63218","51218-45-2","Organics, Pesticides","Organics, Pesticides","Metolachlor, solids","ug/kg","Metolachlor, solids, recoverable, dry weight, micrograms per kilogram","Other","Recoverable","","","","Dry",""
"67609","131807-57-3","Organics, Pesticides","Organics, Pesticides","Famoxadone, wf","ng/l","Famoxadone, water, filtered, recoverable, nanograms per liter","Water","Dissolved","","","","",""
"68680","123312-89-0","Organics, Pesticides","Organics, Pesticides","Pymetrozine, wf","ng/l","Pymetrozine, water, filtered, recoverable, nanograms per liter","Water","Dissolved","","","","",""
"82612","51218-45-2","Organics, Pesticides","Organics, Pesticides","Metolachlor, wu","ug/l","Metolachlor, water, unfiltered, recoverable, micrograms per liter","Water","Recoverable","","","","",""
"04254","57837-19-1","Organics, Pesticides","Organics, Pesticides","Metalaxyl, wu","ug/l","Metalaxyl, water, unfiltered, recoverable, micrograms per liter","Water","Recoverable","","","","",""
"30218","62-73-7","Organics, Pesticides","Organics, Pesticides","Dichlorvos, wu","ug/l","Dichlorvos, water, unfiltered, recoverable, micrograms per liter","Water","Recoverable","","","","",""
"30234","314-40-9","Organics, Pesticides","Organics, Pesticides","Bromacil, wu","ug/l","Bromacil, water, unfiltered, recoverable, micrograms per liter","Water","Recoverable","","","","",""
"34571","106-46-7","Organics, Pesticides","Organics, Pesticides","1,4-Dichlorobenzene, wu","ug/l","1,4-Dichlorobenzene, water, unfiltered, recoverable, micrograms per liter","Water","Recoverable","","","","",""
"38932","2921-88-2","Organics, Pesticides","Organics, Pesticides","Chlorpyrifos, wu","ug/l","Chlorpyrifos, water, unfiltered, recoverable, micrograms per liter","Water","Recoverable","","","","",""
"39032","87-86-5","Organics, Pesticides","Organics, Pesticides","Pentachlorophenol, wu","ug/l","Pentachlorophenol, water, unfiltered, recoverable, micrograms per liter","Water","Recoverable","","","","",""
"39056","1610-18-0","Organics, Pesticides","Organics, Pesticides","Prometon, wu","ug/l","Prometon, water, unfiltered, recoverable, micrograms per liter","Water","Recoverable","","","","",""
"39570","333-41-5","Organics, Pesticides","Organics, Pesticides","Diazinon, wu","ug/l","Diazinon, water, unfiltered, recoverable, micrograms per liter","Water","Recoverable","","","","",""
"39630","1912-24-9","Organics, Pesticides","Organics, Pesticides","Atrazine, wu","ug/l","Atrazine, water, unfiltered, recoverable, micrograms per liter","Water","Recoverable","","","","",""
"39750","63-25-2","Organics, Pesticides","Organics, Pesticides","Carbaryl, wu","ug/l","Carbaryl, water, unfiltered, recoverable, micrograms per liter","Water","Recoverable","","","","",""
"61947","134-62-3","Organics, Pesticides","Organics, Pesticides","N,N-Diethyl-m-toluamide, wu","ug/l","N,N-Diethyl-m-toluamide (DEET), water, unfiltered, recoverable, micrograms per liter","Water","Recoverable","","","","",""
"68221","210880-92-5","Organics, Pesticides","Organics, Pesticides","Clothianidin, wf","ng/l","Clothianidin, water, filtered, recoverable, nanograms per liter","Water","Dissolved","","","","",""
"68245","153719-23-4","Organics, Pesticides","Organics, Pesticides","Thiamethoxam, wf","ng/l","Thiamethoxam, water, filtered, recoverable, nanograms per liter","Water","Dissolved","","","","",""
"68302","135410-20-7","Organics, Pesticides","Organics, Pesticides","Acetamiprid, wf","ng/l","Acetamiprid, water, filtered, recoverable, nanograms per liter","Water","Dissolved","","","","",""
"68379","165252-70-0","Organics, Pesticides","Organics, Pesticides","Dinotefuran, wf","ng/l","Dinotefuran, water, filtered, recoverable, nanograms per liter","Water","Dissolved","","","","",""
"68485","111988-49-9","Organics, Pesticides","Organics, Pesticides","Thiacloprid, wf","ng/l","Thiacloprid, water, filtered, recoverable, nanograms per liter","Water","Dissolved","","","","",""
